gs://slo-hacks-vcm/output-1549168514451.png, Healthy
gs://slo-hacks-vcm/output-1549168516961.png, Healthy
gs://slo-hacks-vcm/output-1549168519498.png, Healthy
gs://slo-hacks-vcm/output-1549168521956.png, Healthy
gs://slo-hacks-vcm/output-1549168524525.png, Healthy
gs://slo-hacks-vcm/output-1549168526978.png, Healthy
gs://slo-hacks-vcm/output-1549168529547.png, Healthy
gs://slo-hacks-vcm/output-1549168532057.png, Healthy
gs://slo-hacks-vcm/output-1549168534549.png, Healthy
gs://slo-hacks-vcm/output-1549168537051.png, Healthy
gs://slo-hacks-vcm/output-1549168539582.png, Healthy
gs://slo-hacks-vcm/output-1549168542051.png, Healthy
gs://slo-hacks-vcm/output-1549168544579.png, Healthy
gs://slo-hacks-vcm/output-1549168547084.png, Healthy
gs://slo-hacks-vcm/output-1549168549601.png, Healthy
gs://slo-hacks-vcm/output-1549168552105.png, Healthy
gs://slo-hacks-vcm/output-1549168554630.png, Healthy
gs://slo-hacks-vcm/output-1549168557132.png, Healthy
gs://slo-hacks-vcm/output-1549168559692.png, Healthy
gs://slo-hacks-vcm/output-1549168562172.png, Healthy
gs://slo-hacks-vcm/output-1549168564670.png, Healthy
gs://slo-hacks-vcm/output-1549168567217.png, Healthy
gs://slo-hacks-vcm/output-1549168569744.png, Healthy
gs://slo-hacks-vcm/output-1549168572253.png, Healthy
gs://slo-hacks-vcm/output-1549168574716.png, Healthy
gs://slo-hacks-vcm/output-1549168577281.png, Healthy
gs://slo-hacks-vcm/output-1549168579742.png, Healthy
gs://slo-hacks-vcm/output-1549168582271.png, Healthy
gs://slo-hacks-vcm/output-1549168584780.png, Healthy
gs://slo-hacks-vcm/output-1549168587329.png, Healthy
gs://slo-hacks-vcm/output-1549168589809.png, Healthy
gs://slo-hacks-vcm/output-1549168592300.png, Healthy
gs://slo-hacks-vcm/output-1549168594844.png, Healthy
gs://slo-hacks-vcm/output-1549168597381.png, Healthy
gs://slo-hacks-vcm/output-1549168599871.png, Healthy
gs://slo-hacks-vcm/output-1549168602375.png, Healthy
gs://slo-hacks-vcm/output-1549168604858.png, Healthy
gs://slo-hacks-vcm/output-1549168607404.png, Healthy
gs://slo-hacks-vcm/output-1549168609918.png, Healthy
gs://slo-hacks-vcm/output-1549168612449.png, Healthy
gs://slo-hacks-vcm/output-1549168614935.png, Healthy
gs://slo-hacks-vcm/output-1549168617426.png, Healthy
gs://slo-hacks-vcm/output-1549168619930.png, Healthy
gs://slo-hacks-vcm/output-1549168622452.png, Healthy
gs://slo-hacks-vcm/output-1549168624975.png, Healthy
gs://slo-hacks-vcm/output-1549168627507.png, Healthy
gs://slo-hacks-vcm/output-1549168630000.png, Healthy
gs://slo-hacks-vcm/output-1549168632519.png, Healthy
gs://slo-hacks-vcm/output-1549168635024.png, Healthy
gs://slo-hacks-vcm/output-1549168637514.png, Healthy
gs://slo-hacks-vcm/output-1549168759591.png, Not Healthy
gs://slo-hacks-vcm/output-1549168762136.png, Not Healthy
gs://slo-hacks-vcm/output-1549168764650.png, Not Healthy
gs://slo-hacks-vcm/output-1549168767127.png, Not Healthy
gs://slo-hacks-vcm/output-1549168769637.png, Not Healthy
gs://slo-hacks-vcm/output-1549168772208.png, Not Healthy
gs://slo-hacks-vcm/output-1549168774680.png, Not Healthy
gs://slo-hacks-vcm/output-1549168777194.png, Not Healthy
gs://slo-hacks-vcm/output-1549168779715.png, Not Healthy
gs://slo-hacks-vcm/output-1549168782190.png, Not Healthy
gs://slo-hacks-vcm/output-1549168784767.png, Not Healthy
gs://slo-hacks-vcm/output-1549168787251.png, Not Healthy
gs://slo-hacks-vcm/output-1549168789749.png, Not Healthy
gs://slo-hacks-vcm/output-1549168792297.png, Not Healthy
gs://slo-hacks-vcm/output-1549168794778.png, Not Healthy
gs://slo-hacks-vcm/output-1549168797277.png, Not Healthy
gs://slo-hacks-vcm/output-1549168799784.png, Not Healthy
gs://slo-hacks-vcm/output-1549168802349.png, Not Healthy
gs://slo-hacks-vcm/output-1549168804846.png, Not Healthy
gs://slo-hacks-vcm/output-1549168807334.png, Not Healthy
gs://slo-hacks-vcm/output-1549168809841.png, Not Healthy
gs://slo-hacks-vcm/output-1549168812374.png, Not Healthy
gs://slo-hacks-vcm/output-1549168814892.png, Not Healthy
gs://slo-hacks-vcm/output-1549168817414.png, Not Healthy
gs://slo-hacks-vcm/output-1549168819879.png, Not Healthy
gs://slo-hacks-vcm/output-1549168822388.png, Not Healthy
gs://slo-hacks-vcm/output-1549168824942.png, Not Healthy
gs://slo-hacks-vcm/output-1549168827414.png, Not Healthy
gs://slo-hacks-vcm/output-1549168829964.png, Not Healthy
gs://slo-hacks-vcm/output-1549168832488.png, Not Healthy
gs://slo-hacks-vcm/output-1549168834985.png, Not Healthy
gs://slo-hacks-vcm/output-1549168837497.png, Not Healthy
gs://slo-hacks-vcm/output-1549168840014.png, Not Healthy
gs://slo-hacks-vcm/output-1549168842498.png, Not Healthy
gs://slo-hacks-vcm/output-1549168850062.png, Not Healthy
gs://slo-hacks-vcm/output-1549168852531.png, Not Healthy
gs://slo-hacks-vcm/output-1549168855078.png, Not Healthy
gs://slo-hacks-vcm/output-1549168857657.png, Not Healthy
gs://slo-hacks-vcm/output-1549168860179.png, Not Healthy
gs://slo-hacks-vcm/output-1549168862581.png, Not Healthy
gs://slo-hacks-vcm/output-1549168865119.png, Not Healthy
gs://slo-hacks-vcm/output-1549168867650.png, Not Healthy
gs://slo-hacks-vcm/output-1549168870156.png, Not Healthy
gs://slo-hacks-vcm/output-1549168872624.png, Not Healthy
gs://slo-hacks-vcm/output-1549168875152.png, Not Healthy
gs://slo-hacks-vcm/output-1549168877690.png, Not Healthy
gs://slo-hacks-vcm/output-1549168880183.png, Not Healthy
gs://slo-hacks-vcm/output-1549168882674.png, Not Healthy
gs://slo-hacks-vcm/output-1549168885205.png, Not Healthy
gs://slo-hacks-vcm/output-1549168887755.png, Not Healthy
gs://slo-hacks-vcm/output-1549168890325.png, Not Healthy
gs://slo-hacks-vcm/output-1549168892713.png, Not Healthy
gs://slo-hacks-vcm/output-1549168895247.png, Not Healthy
gs://slo-hacks-vcm/output-1549168897771.png, Not Healthy
gs://slo-hacks-vcm/output-1549168900366.png, Not Healthy
gs://slo-hacks-vcm/output-1549168902778.png, Not Healthy
gs://slo-hacks-vcm/output-1549168905281.png, Not Healthy
gs://slo-hacks-vcm/output-1549168907795.png, Not Healthy
gs://slo-hacks-vcm/output-1549168910294.png, Not Healthy
gs://slo-hacks-vcm/output-1549168912807.png, Not Healthy
gs://slo-hacks-vcm/output-1549168915377.png, Not Healthy
gs://slo-hacks-vcm/output-1549172501482.png
gs://slo-hacks-vcm/output-1549172506474.png
gs://slo-hacks-vcm/output-1549172508963.png
gs://slo-hacks-vcm/output-1549172511512.png
gs://slo-hacks-vcm/output-1549172514023.png
gs://slo-hacks-vcm/output-1549172516524.png
gs://slo-hacks-vcm/output-1549172519012.png
gs://slo-hacks-vcm/output-1549172521529.png
gs://slo-hacks-vcm/output-1549172531624.png
gs://slo-hacks-vcm/output-1549172534123.png
gs://slo-hacks-vcm/output-1549172536643.png
gs://slo-hacks-vcm/output-1549172539107.png
gs://slo-hacks-vcm/output-1549172541622.png
gs://slo-hacks-vcm/output-1549173011068.png
gs://slo-hacks-vcm/output-1549173013596.png
gs://slo-hacks-vcm/output-1549173016142.png
gs://slo-hacks-vcm/output-1549173018604.png
gs://slo-hacks-vcm/output-1549173021131.png
gs://slo-hacks-vcm/output-1549173023628.png
gs://slo-hacks-vcm/output-1549173026193.png
gs://slo-hacks-vcm/output-1549173028709.png
gs://slo-hacks-vcm/output-1549173031194.png
gs://slo-hacks-vcm/output-1549173033701.png
gs://slo-hacks-vcm/output-1549173036210.png
gs://slo-hacks-vcm/output-1549173038714.png
gs://slo-hacks-vcm/output-1549173041216.png
gs://slo-hacks-vcm/output-1549173043723.png
gs://slo-hacks-vcm/output-1549173051287.png
gs://slo-hacks-vcm/output-1549173053780.png
gs://slo-hacks-vcm/output-1549173056327.png
gs://slo-hacks-vcm/output-1549173058842.png
gs://slo-hacks-vcm/output-1549173063858.png
gs://slo-hacks-vcm/output-1549173066334.png
gs://slo-hacks-vcm/output-1549173068868.png
gs://slo-hacks-vcm/output-1549173071396.png
gs://slo-hacks-vcm/output-1549173073922.png
gs://slo-hacks-vcm/output-1549173076436.png
gs://slo-hacks-vcm/output-1549173078888.png
gs://slo-hacks-vcm/output-1549173081455.png
gs://slo-hacks-vcm/output-1549173083955.png
gs://slo-hacks-vcm/output-1549173086468.png
gs://slo-hacks-vcm/output-1549173088946.png
gs://slo-hacks-vcm/output-1549173091450.png
gs://slo-hacks-vcm/output-1549174517455.png
gs://slo-hacks-vcm/output-1549174519969.png
gs://slo-hacks-vcm/output-1549174625444.png
gs://slo-hacks-vcm/output-1549174627927.png
gs://slo-hacks-vcm/output-1549174630490.png
gs://slo-hacks-vcm/output-1549174632977.png
gs://slo-hacks-vcm/output-1549174710859.png
gs://slo-hacks-vcm/output-1549174964527.png
gs://slo-hacks-vcm/output-1549174967022.png
gs://slo-hacks-vcm/output-1549174969578.png
gs://slo-hacks-vcm/output-1549174972086.png
gs://slo-hacks-vcm/output-1549174974562.png
gs://slo-hacks-vcm/output-1549174977118.png
gs://slo-hacks-vcm/output-1549174979637.png
gs://slo-hacks-vcm/output-1549175037347.png
gs://slo-hacks-vcm/output-1549175039883.png
gs://slo-hacks-vcm/output-1549175085129.png
gs://slo-hacks-vcm/output-1549175087588.png
gs://slo-hacks-vcm/output-1549175090103.png
gs://slo-hacks-vcm/output-1549175092662.png
gs://slo-hacks-vcm/output-1549175095159.png
gs://slo-hacks-vcm/output-1549176403797.png
gs://slo-hacks-vcm/output-1549190312393.png
gs://slo-hacks-vcm/output-1549190314930.png
gs://slo-hacks-vcm/output-1549190317432.png
gs://slo-hacks-vcm/output-1549190324934.png
gs://slo-hacks-vcm/output-1549190327455.png
gs://slo-hacks-vcm/output-1549190329989.png
gs://slo-hacks-vcm/output-1549190332503.png
gs://slo-hacks-vcm/output-1549190335016.png
gs://slo-hacks-vcm/output-1549195833467.png
gs://slo-hacks-vcm/output-1549195835989.png
gs://slo-hacks-vcm/output-1549195838511.png
gs://slo-hacks-vcm/output-1549195841024.png
gs://slo-hacks-vcm/output-1549195843526.png
gs://slo-hacks-vcm/output-1549195976723.png
gs://slo-hacks-vcm/output-1549195979161.png
gs://slo-hacks-vcm/output-1549195981670.png
gs://slo-hacks-vcm/output-1549195984188.png
gs://slo-hacks-vcm/output-1549195986718.png
gs://slo-hacks-vcm/output-1549195989241.png
gs://slo-hacks-vcm/output-1549195991755.png
gs://slo-hacks-vcm/output-1549195994277.png
gs://slo-hacks-vcm/output-1549205942528.png
gs://slo-hacks-vcm/output-1549205945053.png
gs://slo-hacks-vcm/output-1549205947544.png
gs://slo-hacks-vcm/output-1549205950087.png
gs://slo-hacks-vcm/output-1549205952562.png
gs://slo-hacks-vcm/output-1549205955077.png
gs://slo-hacks-vcm/output-1549205957636.png
gs://slo-hacks-vcm/output-1549206202228.png
gs://slo-hacks-vcm/output-1549206204750.png
gs://slo-hacks-vcm/output-1549206207299.png
gs://slo-hacks-vcm/output-1549206209804.png
gs://slo-hacks-vcm/output-1549206212299.png
gs://slo-hacks-vcm/output-1549206214792.png
gs://slo-hacks-vcm/output-1549206217303.png
gs://slo-hacks-vcm/output-1549206219848.png
gs://slo-hacks-vcm/output-1549206222329.png
gs://slo-hacks-vcm/output-1549206224845.png
gs://slo-hacks-vcm/output-1549206234893.png
gs://slo-hacks-vcm/output-1549206270058.png
gs://slo-hacks-vcm/output-1549206272580.png
gs://slo-hacks-vcm/output-1549206277595.png
gs://slo-hacks-vcm/output-1549206280137.png
gs://slo-hacks-vcm/output-1549206320328.png
gs://slo-hacks-vcm/output-1549206322801.png
gs://slo-hacks-vcm/output-1549206327847.png
gs://slo-hacks-vcm/output-1549206350426.png
gs://slo-hacks-vcm/output-1549208663212.png
gs://slo-hacks-vcm/output-1549208665688.png
gs://slo-hacks-vcm/output-1549208668255.png
gs://slo-hacks-vcm/output-1549208670715.png
gs://slo-hacks-vcm/output-1549208673232.png
gs://slo-hacks-vcm/output-1549208675755.png
gs://slo-hacks-vcm/output-1549208678269.png
gs://slo-hacks-vcm/output-1549208680791.png
gs://slo-hacks-vcm/output-1549208683315.png
gs://slo-hacks-vcm/output-1549208685778.png
gs://slo-hacks-vcm/output-1549208688288.png
gs://slo-hacks-vcm/output-1549208690811.png
gs://slo-hacks-vcm/output-1549208693331.png
gs://slo-hacks-vcm/output-1549208695857.png
gs://slo-hacks-vcm/output-1549208698374.png
gs://slo-hacks-vcm/output-1549208700898.png
gs://slo-hacks-vcm/output-1549208703405.png
gs://slo-hacks-vcm/output-1549208705926.png
gs://slo-hacks-vcm/output-1549208708391.png
gs://slo-hacks-vcm/output-1549208710905.png
gs://slo-hacks-vcm/output-1549208713427.png
gs://slo-hacks-vcm/output-1549208715950.png
gs://slo-hacks-vcm/output-1549208718471.png
gs://slo-hacks-vcm/output-1549208720988.png
gs://slo-hacks-vcm/output-1549208723508.png
gs://slo-hacks-vcm/output-1549208726030.png
gs://slo-hacks-vcm/output-1549208728491.png
gs://slo-hacks-vcm/output-1549208731002.png
gs://slo-hacks-vcm/output-1549208733522.png
gs://slo-hacks-vcm/output-1549208736042.png
gs://slo-hacks-vcm/output-1549208738571.png
gs://slo-hacks-vcm/output-1549208741087.png
gs://slo-hacks-vcm/output-1549208743599.png
gs://slo-hacks-vcm/output-1549208746122.png
gs://slo-hacks-vcm/output-1549208748590.png
gs://slo-hacks-vcm/output-1549208751101.png
gs://slo-hacks-vcm/output-1549208753627.png
gs://slo-hacks-vcm/output-1549208756152.png
gs://slo-hacks-vcm/output-1549208758673.png
gs://slo-hacks-vcm/output-1549208761184.png
gs://slo-hacks-vcm/output-1549208763703.png
gs://slo-hacks-vcm/output-1549208766170.png
gs://slo-hacks-vcm/output-1549208768687.png
gs://slo-hacks-vcm/output-1549208771199.png
gs://slo-hacks-vcm/output-1549208773729.png
gs://slo-hacks-vcm/output-1549208776245.png
gs://slo-hacks-vcm/output-1549208778767.png
gs://slo-hacks-vcm/output-1549208781284.png
gs://slo-hacks-vcm/output-1549208783806.png
gs://slo-hacks-vcm/output-1549208786325.png
gs://slo-hacks-vcm/output-1549208788787.png
gs://slo-hacks-vcm/output-1549208791305.png
gs://slo-hacks-vcm/output-1549208793827.png
gs://slo-hacks-vcm/output-1549208796337.png
gs://slo-hacks-vcm/output-1549208798872.png
gs://slo-hacks-vcm/output-1549208801331.png
gs://slo-hacks-vcm/output-1549208803845.png
gs://slo-hacks-vcm/output-1549208806364.png
gs://slo-hacks-vcm/output-1549208808888.png
gs://slo-hacks-vcm/output-1549208811402.png
gs://slo-hacks-vcm/output-1549208813924.png
gs://slo-hacks-vcm/output-1549208816446.png
gs://slo-hacks-vcm/output-1549208818964.png
gs://slo-hacks-vcm/output-1549208972867.png
gs://slo-hacks-vcm/output-1549208975386.png
gs://slo-hacks-vcm/output-1549208977904.png
gs://slo-hacks-vcm/output-1549208980365.png
gs://slo-hacks-vcm/output-1549208982880.png
gs://slo-hacks-vcm/output-1549208985403.png
gs://slo-hacks-vcm/output-1549208987927.png
gs://slo-hacks-vcm/output-1549208990451.png
gs://slo-hacks-vcm/output-1549208992959.png
gs://slo-hacks-vcm/output-1549208995477.png
gs://slo-hacks-vcm/output-1549208998004.png
gs://slo-hacks-vcm/output-1549209000461.png
gs://slo-hacks-vcm/output-1549209002991.png
gs://slo-hacks-vcm/output-1549209005515.png
gs://slo-hacks-vcm/output-1549209008028.png
gs://slo-hacks-vcm/output-1549209010540.png
gs://slo-hacks-vcm/output-1549209013059.png
gs://slo-hacks-vcm/output-1549209015583.png
gs://slo-hacks-vcm/output-1549209018043.png
gs://slo-hacks-vcm/output-1549209020564.png
gs://slo-hacks-vcm/output-1549209023076.png
gs://slo-hacks-vcm/output-1549209025601.png
gs://slo-hacks-vcm/output-1549209028123.png
gs://slo-hacks-vcm/output-1549209030640.png
gs://slo-hacks-vcm/output-1549209033158.png
gs://slo-hacks-vcm/output-1549209035628.png
gs://slo-hacks-vcm/output-1549209038154.png
gs://slo-hacks-vcm/output-1549209040659.png
gs://slo-hacks-vcm/output-1549209043180.png
gs://slo-hacks-vcm/output-1549209045698.png
gs://slo-hacks-vcm/output-1549209048223.png
gs://slo-hacks-vcm/output-1549209050738.png
gs://slo-hacks-vcm/output-1549209053252.png
gs://slo-hacks-vcm/output-1549209058233.png
gs://slo-hacks-vcm/output-1549210633434.png
gs://slo-hacks-vcm/output-1549210638471.png
gs://slo-hacks-vcm/output-1549210640966.png
gs://slo-hacks-vcm/output-1549210643493.png
gs://slo-hacks-vcm/output-1549210645984.png
gs://slo-hacks-vcm/output-1549210656033.png
gs://slo-hacks-vcm/output-1549210658547.png
gs://slo-hacks-vcm/output-1549210661066.png
gs://slo-hacks-vcm/output-1549210663604.png
gs://slo-hacks-vcm/output-1549210686183.png
gs://slo-hacks-vcm/output-1549210696227.png
gs://slo-hacks-vcm/output-1549210698741.png
gs://slo-hacks-vcm/output-1549210711308.png
gs://slo-hacks-vcm/output-1549210713822.png
gs://slo-hacks-vcm/output-1549210716334.png
gs://slo-hacks-vcm/output-1549210718876.png
gs://slo-hacks-vcm/output-1549210789213.png
gs://slo-hacks-vcm/output-1549210791695.png
gs://slo-hacks-vcm/output-1549210794183.png
gs://slo-hacks-vcm/output-1549210796708.png
gs://slo-hacks-vcm/output-1549210799213.png
gs://slo-hacks-vcm/output-1549210801720.png
gs://slo-hacks-vcm/output-1549210804246.png
gs://slo-hacks-vcm/output-1549215729138.png
gs://slo-hacks-vcm/output-1549215781900.png
gs://slo-hacks-vcm/output-1549215784415.png
gs://slo-hacks-vcm/output-1549216068271.png
gs://slo-hacks-vcm/output-1549216070775.png
gs://slo-hacks-vcm/output-1549216073286.png
gs://slo-hacks-vcm/output-1549216075786.png
gs://slo-hacks-vcm/output-1549216078298.png
gs://slo-hacks-vcm/output-1549216080815.png
gs://slo-hacks-vcm/output-1549216083362.png
gs://slo-hacks-vcm/output-1549216085841.png
gs://slo-hacks-vcm/output-1549216088387.png
gs://slo-hacks-vcm/output-1549216231521.png
gs://slo-hacks-vcm/output-1549216698714.png
gs://slo-hacks-vcm/output-1549216701249.png
gs://slo-hacks-vcm/output-1549216703723.png
gs://slo-hacks-vcm/output-1549216706287.png
gs://slo-hacks-vcm/output-1549216708772.png
gs://slo-hacks-vcm/output-1549216711288.png
gs://slo-hacks-vcm/output-1549216738931.png
gs://slo-hacks-vcm/output-1549216741401.png
gs://slo-hacks-vcm/output-1549216743970.png
gs://slo-hacks-vcm/output-1549216746444.png
gs://slo-hacks-vcm/output-1549216834416.png
gs://slo-hacks-vcm/output-1549216836852.png
gs://slo-hacks-vcm/output-1549216839371.png
gs://slo-hacks-vcm/output-1549216841897.png
gs://slo-hacks-vcm/output-1549216844407.png
gs://slo-hacks-vcm/output-1549217537649.png
gs://slo-hacks-vcm/output-1549217540218.png
gs://slo-hacks-vcm/output-1549217542676.png
gs://slo-hacks-vcm/output-1549217545206.png
gs://slo-hacks-vcm/output-1549217547701.png
gs://slo-hacks-vcm/output-1549217550244.png
gs://slo-hacks-vcm/output-1549217552744.png
gs://slo-hacks-vcm/output-1549217555247.png
gs://slo-hacks-vcm/output-1549217567813.png
gs://slo-hacks-vcm/output-1549217570361.png
gs://slo-hacks-vcm/output-1549217572811.png
gs://slo-hacks-vcm/output-1549217575325.png
gs://slo-hacks-vcm/output-1549217582888.png
gs://slo-hacks-vcm/output-1549217585396.png
gs://slo-hacks-vcm/output-1549217587914.png
gs://slo-hacks-vcm/output-1549217658250.png
gs://slo-hacks-vcm/output-1549217660728.png
gs://slo-hacks-vcm/output-1549217914440.png
gs://slo-hacks-vcm/output-1549217916968.png
gs://slo-hacks-vcm/output-1549218381659.png
gs://slo-hacks-vcm/output-1549218384155.png
gs://slo-hacks-vcm/output-1549218386648.png
gs://slo-hacks-vcm/output-1549218389158.png
gs://slo-hacks-vcm/output-1549218391693.png
gs://slo-hacks-vcm/output-1549218394237.png
gs://slo-hacks-vcm/output-1549218406766.png
gs://slo-hacks-vcm/output-1549218527355.png
gs://slo-hacks-vcm/output-1549218529843.png
gs://slo-hacks-vcm/output-1549218532386.png
gs://slo-hacks-vcm/output-1549218534843.png
gs://slo-hacks-vcm/output-1549218818712.png
gs://slo-hacks-vcm/output-1549218821237.png
gs://slo-hacks-vcm/output-1549218863952.png
gs://slo-hacks-vcm/output-1549218866468.png
gs://slo-hacks-vcm/output-1549218868924.png
gs://slo-hacks-vcm/output-1549218871443.png
gs://slo-hacks-vcm/output-1549218873944.png
gs://slo-hacks-vcm/output-1549218876473.png
gs://slo-hacks-vcm/output-1549218879010.png
gs://slo-hacks-vcm/output-1549218881533.png
gs://slo-hacks-vcm/output-1549218884047.png
gs://slo-hacks-vcm/output-1549218886554.png
gs://slo-hacks-vcm/output-1549218889053.png
gs://slo-hacks-vcm/output-1549218891567.png
gs://slo-hacks-vcm/output-1549219027228.png
gs://slo-hacks-vcm/output-1549219863657.png
gs://slo-hacks-vcm/output-1549219866178.png
gs://slo-hacks-vcm/output-1549219868699.png
gs://slo-hacks-vcm/output-1549219871171.png
gs://slo-hacks-vcm/output-1549219873681.png
gs://slo-hacks-vcm/output-1549219876205.png
gs://slo-hacks-vcm/output-1549219886252.png
gs://slo-hacks-vcm/output-1549219939031.png
gs://slo-hacks-vcm/output-1549219941554.png
gs://slo-hacks-vcm/output-1549219944010.png
gs://slo-hacks-vcm/output-1549219991778.png
gs://slo-hacks-vcm/output-1549220315772.png
gs://slo-hacks-vcm/output-1549220401194.png
gs://slo-hacks-vcm/output-1549220403703.png
gs://slo-hacks-vcm/output-1549220406238.png
gs://slo-hacks-vcm/output-1549220408714.png
gs://slo-hacks-vcm/output-1549220411238.png
gs://slo-hacks-vcm/output-1549220413782.png
gs://slo-hacks-vcm/output-1549220416264.png
gs://slo-hacks-vcm/output-1549220418776.png
gs://slo-hacks-vcm/output-1549220421289.png
gs://slo-hacks-vcm/output-1549220423841.png
gs://slo-hacks-vcm/output-1549220566972.png
gs://slo-hacks-vcm/output-1549220569493.png
gs://slo-hacks-vcm/output-1549220572023.png
gs://slo-hacks-vcm/output-1549220574529.png
gs://slo-hacks-vcm/output-1549220577054.png
gs://slo-hacks-vcm/output-1549220579574.png
gs://slo-hacks-vcm/output-1549220582088.png
gs://slo-hacks-vcm/output-1549220584552.png
gs://slo-hacks-vcm/output-1549221320601.png
gs://slo-hacks-vcm/output-1549221323100.png
gs://slo-hacks-vcm/output-1549221325595.png
gs://slo-hacks-vcm/output-1549221328072.png
gs://slo-hacks-vcm/output-1549221330619.png
gs://slo-hacks-vcm/output-1549221333125.png
gs://slo-hacks-vcm/output-1549221634564.png
gs://slo-hacks-vcm/output-1549221647091.png
gs://slo-hacks-vcm/output-1549222356384.png
gs://slo-hacks-vcm/output-1549222358872.png
gs://slo-hacks-vcm/output-1549222361392.png
gs://slo-hacks-vcm/output-1549222363911.png
gs://slo-hacks-vcm/output-1549222366396.png
